Aboultaif, Ziad, ziad.aboultaif@parl.gc.ca, Conservative, Edmonton Manning, Alberta, 
Aitchison, Scott, Scott.Aitchison@parl.gc.ca, Conservative, Parry Sound—Muskoka, Ontario, 
Albas, Dan, dan.albas@parl.gc.ca, Conservative, Central Okanagan—Similkameen—Nicola, British Columbia, 
Aldag, John, john.aldag@parl.gc.ca, Liberal, Cloverdale—Langley City, British Columbia, 
Alghabra, Hon. Omar, omar.alghabra@parl.gc.ca, Liberal, Mississauga Centre, Ontario, 
Ali, Shafqat, shafqat.ali@parl.gc.ca, Liberal, Brampton Centre, Ontario, 
Allison, Dean, dean.allison@parl.gc.ca, Conservative, Niagara West, Ontario, 
Anand, Hon. Anita, Anita.Anand@parl.gc.ca, Liberal, Oakville, Ontario, 
Anandasangaree, Gary, gary.anand@parl.gc.ca, Liberal, Scarborough—Rouge Park, Ontario, 
Angus, Charlie, charlie.angus@parl.gc.ca, NDP, Timmins—James Bay, Ontario, 
Arnold, Mel, mel.arnold@parl.gc.ca, Conservative, North Okanagan—Shuswap, British Columbia, 
Arseneault, René, rene.arseneault@parl.gc.ca, Liberal, Madawaska—Restigouche, New Brunswick, 
Arya, Chandra, chandra.arya@parl.gc.ca, Liberal, Nepean, Ontario, 
Ashton, Niki, niki.ashton@parl.gc.ca, NDP, Churchill—Keewatinook Aski, Manitoba, 
Atwin, Jenica, Jenica.Atwin@parl.gc.ca, Liberal, Fredericton, New Brunswick, 
Bachrach, Taylor, Taylor.Bachrach@parl.gc.ca, NDP, Skeena—Bulkley Valley, British Columbia, 
Badawey, Vance, vance.badawey@parl.gc.ca, Liberal, Niagara Centre, Ontario, 
Bains, Parm, parm.bains@parl.gc.ca, Liberal, Steveston—Richmond East, British Columbia, 
Baker, Yvan, Yvan.Baker@parl.gc.ca, Liberal, Etobicoke Centre, Ontario, 
Baldinelli, Tony, Tony.Baldinelli@parl.gc.ca, Conservative, Niagara Falls, Ontario, 
Barlow, John, john.barlow@parl.gc.ca, Conservative, Foothills, Alberta, 
Barrett, Michael, Michael.Barrett@parl.gc.ca, Conservative, Leeds—Grenville—Thousand Islands and Rideau Lakes, Ontario, 
Barron, Lisa Marie, lisamarie.barron@parl.gc.ca, NDP, Nanaimo—Ladysmith, British Columbia, 
Barsalou-Duval, Xavier, xavier.barsalou-duval@parl.gc.ca, Bloc Québécois, Pierre-Boucher—Les Patriotes—Verchères, Quebec, 
Battiste, Jaime, Jaime.Battiste@parl.gc.ca, Liberal, Sydney—Victoria, Nova Scotia, 
Beaulieu, Mario, mario.beaulieu@parl.gc.ca, Bloc Québécois, La Pointe-de-l'Île, Quebec, 
Beech, Terry, terry.beech@parl.gc.ca, Liberal, Burnaby North—Seymour, British Columbia, 
Bendayan, Rachel, Rachel.Bendayan@parl.gc.ca, Liberal, Outremont, Quebec, 
Bennett, Hon. Carolyn, carolyn.bennett@parl.gc.ca, Liberal, Toronto—St. Paul's, Ontario, 
Benzen, Bob, bob.benzen@parl.gc.ca, Conservative, Calgary Heritage, Alberta, 
Bergen, Hon. Candice, candice.bergen@parl.gc.ca, Conservative, Portage—Lisgar, Manitoba, 
Bergeron, Stéphane, Stephane.Bergeron@parl.gc.ca, Bloc Québécois, Montarville, Quebec, 
Berthold, Luc, luc.berthold@parl.gc.ca, Conservative, Mégantic—L'Érable, Quebec, 
Bérubé, Sylvie, Sylvie.Berube@parl.gc.ca, Bloc Québécois, Abitibi—Baie-James—Nunavik—Eeyou, Quebec, 
Bezan, James, james.bezan@parl.gc.ca, Conservative, Selkirk—Interlake—Eastman, Manitoba, 
Bibeau, Hon. Marie-Claude, marie-claude.bibeau@parl.gc.ca, Liberal, Compton—Stanstead, Quebec, 
Bittle, Chris, chris.bittle@parl.gc.ca, Liberal, St. Catharines, Ontario, 
Blaikie, Daniel, daniel.blaikie@parl.gc.ca, NDP, Elmwood—Transcona, Manitoba, 
Blair, Hon. Bill, bill.blair@parl.gc.ca, Liberal, Scarborough Southwest, Ontario, 
Blanchet, Yves-François, Yves-Francois.Blanchet@parl.gc.ca, Bloc Québécois, Beloeil—Chambly, Quebec, 
Blanchette-Joncas, Maxime, Maxime.Blanchette-Joncas@parl.gc.ca, Bloc Québécois, Rimouski-Neigette—Témiscouata—Les Basques, Quebec, 
Blaney, Rachel, rachel.blaney@parl.gc.ca, NDP, North Island—Powell River, British Columbia, 
Block, Kelly, kelly.block@parl.gc.ca, Conservative, Carlton Trail—Eagle Creek, Saskatchewan, 
Blois, Kody, Kody.Blois@parl.gc.ca, Liberal, Kings—Hants, Nova Scotia, 
Boissonnault, Hon. Randy, randy.boissonnault@parl.gc.ca, Liberal, Edmonton Centre, Alberta, 
Boulerice, Alexandre, Alexandre.Boulerice@parl.gc.ca, NDP, Rosemont—La Petite-Patrie, Quebec, 
Bradford, Valerie, valerie.bradford@parl.gc.ca, Liberal, Kitchener South—Hespeler, Ontario, 
Bragdon, Richard, Richard.Bragdon@parl.gc.ca, Conservative, Tobique—Mactaquac, New Brunswick, 
Brassard, John, john.brassard@parl.gc.ca, Conservative, Barrie—Innisfil, Ontario, 
Brière, Élisabeth, Elisabeth.Briere@parl.gc.ca, Liberal, Sherbrooke, Quebec, 
Brock, Larry, larry.brock@parl.gc.ca, Conservative, Brantford—Brant, Ontario, 
Brunelle-Duceppe, Alexis, Alexis.Brunelle-Duceppe@parl.gc.ca, Bloc Québécois, Lac-Saint-Jean, Quebec, 
Calkins, Blaine, blaine.calkins@parl.gc.ca, Conservative, Red Deer—Lacombe, Alberta, 
Cannings, Richard, richard.cannings@parl.gc.ca, NDP, South Okanagan—West Kootenay, British Columbia, 
Caputo, Frank, frank.caputo@parl.gc.ca, Conservative, Kamloops—Thompson—Cariboo, British Columbia, 
Carr, Hon. Jim, jim.carr@parl.gc.ca, Liberal, Winnipeg South Centre, Manitoba, 
Carrie, Colin, colin.carrie@parl.gc.ca, Conservative, Oshawa, Ontario, 
Casey, Sean, sean.casey@parl.gc.ca, Liberal, Charlottetown, Prince Edward Island, 
Chabot, Louise, Louise.Chabot@parl.gc.ca, Bloc Québécois, Thérèse-De Blainville, Quebec, 
Chagger, Hon. Bardish, bardish.chagger@parl.gc.ca, Liberal, Waterloo, Ontario, 
Chahal, George, george.chahal@parl.gc.ca, Liberal, Calgary Skyview, Alberta, 
Chambers, Adam, adam.chambers@parl.gc.ca, Conservative, Simcoe North, Ontario, 
Champagne, Hon. François-Philippe, francois-philippe.champagne@parl.gc.ca, Liberal, Saint-Maurice—Champlain, Quebec, 
Champoux, Martin, Martin.Champoux@parl.gc.ca, Bloc Québécois, Drummond, Quebec, 
Chatel, Sophie, sophie.chatel@parl.gc.ca, Liberal, Pontiac, Quebec, 
Chen, Shaun, shaun.chen@parl.gc.ca, Liberal, Scarborough North, Ontario, 
Chiang, Paul, paul.chiang@parl.gc.ca, Liberal, Markham—Unionville, Ontario, 
Chong, Hon. Michael D., michael.chong@parl.gc.ca, Conservative, Wellington—Halton Hills, Ontario, 
Collins, Chad, chad.collins@parl.gc.ca, Liberal, Hamilton East—Stoney Creek, Ontario, 
Collins, Laurel, Laurel.Collins@parl.gc.ca, NDP, Victoria, British Columbia, 
Cooper, Michael, michael.cooper@parl.gc.ca, Conservative, St. Albert—Edmonton, Alberta, 
Cormier, Serge, serge.cormier@parl.gc.ca, Liberal, Acadie—Bathurst, New Brunswick, 
Coteau, Michael, michael.coteau@parl.gc.ca, Liberal, Don Valley East, Ontario, 
Dabrusin, Julie, julie.dabrusin@parl.gc.ca, Liberal, Toronto—Danforth, Ontario, 
Dalton, Marc, Marc.Dalton@parl.gc.ca, Conservative, Pitt Meadows—Maple Ridge, British Columbia, 
Damoff, Pam, pam.damoff@parl.gc.ca, Liberal, Oakville North—Burlington, Ontario, 
Dancho, Raquel, Raquel.Dancho@parl.gc.ca, Conservative, Kildonan—St. Paul, Manitoba, 
Davidson, Scot, Scot.Davidson@parl.gc.ca, Conservative, York—Simcoe, Ontario, 
Davies, Don, don.davies@parl.gc.ca, NDP, Vancouver Kingsway, British Columbia, 
DeBellefeuille, Claude, Claude.DeBellefeuille@parl.gc.ca, Bloc Québécois, Salaberry—Suroît, Quebec, 
Deltell, Gérard, gerard.deltell@parl.gc.ca, Conservative, Louis-Saint-Laurent, Quebec, 
d'Entremont, Chris, Chris.dEntremont@parl.gc.ca, Conservative, West Nova, Nova Scotia, 
Desbiens, Caroline, Caroline.Desbiens@parl.gc.ca, Bloc Québécois, Beauport—Côte-de-Beaupré—Île d'Orléans—Charlevoix, Quebec, 
Desilets, Luc, Luc.Desilets@parl.gc.ca, Bloc Québécois, Rivière-des-Mille-Îles, Quebec, 
Desjarlais, Blake, blake.desjarlais@parl.gc.ca, NDP, Edmonton Griesbach, Alberta, 
Dhaliwal, Sukh, sukh.dhaliwal@parl.gc.ca, Liberal, Surrey—Newton, British Columbia, 
Dhillon, Anju, anju.dhillon@parl.gc.ca, Liberal, Dorval—Lachine—LaSalle, Quebec, 
Diab, Lena Metlege, lenametlege.diab@parl.gc.ca, Liberal, Halifax West, Nova Scotia, 
Doherty, Todd, todd.doherty@parl.gc.ca, Conservative, Cariboo—Prince George, British Columbia, 
Dong, Han, Han.Dong@parl.gc.ca, Liberal, Don Valley North, Ontario, 
Dowdall, Terry, Terry.Dowdall@parl.gc.ca, Conservative, Simcoe—Grey, Ontario, 
Dreeshen, Earl, earl.dreeshen@parl.gc.ca, Conservative, Red Deer—Mountain View, Alberta, 
Drouin, Francis, francis.drouin@parl.gc.ca, Liberal, Glengarry—Prescott—Russell, Ontario, 
Dubourg, Emmanuel, emmanuel.dubourg@parl.gc.ca, Liberal, Bourassa, Quebec, 
Duclos, Hon. Jean-Yves, jean-yves.duclos@parl.gc.ca, Liberal, Québec, Quebec, 
Duguid, Terry, terry.duguid@parl.gc.ca, Liberal, Winnipeg South, Manitoba, 
Duncan, Eric, Eric.Duncan@parl.gc.ca, Conservative, Stormont—Dundas—South Glengarry, Ontario, 
Duncan, Hon. Kirsty, kirsty.duncan@parl.gc.ca, Liberal, Etobicoke North, Ontario, 
Dzerowicz, Julie, julie.dzerowicz@parl.gc.ca, Liberal, Davenport, Ontario, 
Ehsassi, Ali, ali.ehsassi@parl.gc.ca, Liberal, Willowdale, Ontario, 
El-Khoury, Fayçal, faycal.el-khoury@parl.gc.ca, Liberal, Laval—Les Îles, Quebec, 
Ellis, Stephen, stephen.ellis@parl.gc.ca, Conservative, Cumberland—Colchester, Nova Scotia, 
Epp, Dave, Dave.Epp@parl.gc.ca, Conservative, Chatham-Kent—Leamington, Ontario, 
Erskine-Smith, Nathaniel, nathaniel.erskine-smith@parl.gc.ca, Liberal, Beaches—East York, Ontario, 
Falk, Rosemarie, Rosemarie.Falk@parl.gc.ca, Conservative, Battlefords—Lloydminster, Saskatchewan, 
Falk, Ted, ted.falk@parl.gc.ca, Conservative, Provencher, Manitoba, 
Fast, Hon. Ed, ed.fast@parl.gc.ca, Conservative, Abbotsford, British Columbia, 
Fergus, Hon. Greg, Greg.Fergus@parl.gc.ca, Liberal, Hull—Aylmer, Quebec, 
Ferreri, Michelle, michelle.ferreri@parl.gc.ca, Conservative, Peterborough—Kawartha, Ontario, 
Fillmore, Andy, andy.fillmore@parl.gc.ca, Liberal, Halifax, Nova Scotia, 
Findlay, Hon. Kerry-Lynne D., kerry-lynne.findlay@parl.gc.ca, Conservative, South Surrey—White Rock, British Columbia, 
Fisher, Darren, darren.fisher@parl.gc.ca, Liberal, Dartmouth—Cole Harbour, Nova Scotia, 
Fonseca, Peter, peter.fonseca@parl.gc.ca, Liberal, Mississauga East—Cooksville, Ontario, 
Fortier, Hon. Mona, mona.fortier@parl.gc.ca, Liberal, Ottawa—Vanier, Ontario, 
Fortin, Rhéal Éloi, rheal.fortin@parl.gc.ca, Bloc Québécois, Rivière-du-Nord, Quebec, 
Fragiskatos, Peter, peter.fragiskatos@parl.gc.ca, Liberal, London North Centre, Ontario, 
Fraser, Hon. Sean, sean.fraser@parl.gc.ca, Liberal, Central Nova, Nova Scotia, 
Freeland, Hon. Chrystia, chrystia.freeland@parl.gc.ca, Liberal, University—Rosedale, Ontario, 
Fry, Hon. Hedy, hedy.fry@parl.gc.ca, Liberal, Vancouver Centre, British Columbia, 
Gaheer, Iqwinder, iqwinder.gaheer@parl.gc.ca, Liberal, Mississauga—Malton, Ontario, 
Gallant, Cheryl, cheryl.gallant@parl.gc.ca, Conservative, Renfrew—Nipissing—Pembroke, Ontario, 
Garneau, Hon. Marc, marc.garneau@parl.gc.ca, Liberal, Notre-Dame-de-Grâce—Westmount, Quebec, 
Garon, Jean-Denis, jean-denis.garon@parl.gc.ca, Bloc Québécois, Mirabel, Quebec, 
Garrison, Randall, randall.garrison@parl.gc.ca, NDP, Esquimalt—Saanich—Sooke, British Columbia, 
Gaudreau, Marie-Hélène, MH.Gaudreau@parl.gc.ca, Bloc Québécois, Laurentides—Labelle, Quebec, 
Gazan, Leah, Leah.Gazan@parl.gc.ca, NDP, Winnipeg Centre, Manitoba, 
Généreux, Bernard, bernard.genereux@parl.gc.ca, Conservative, Montmagny—L'Islet—Kamouraska—Rivière-du-Loup, Quebec, 
Genuis, Garnett, garnett.genuis@parl.gc.ca, Conservative, Sherwood Park—Fort Saskatchewan, Alberta, 
Gerretsen, Mark, mark.gerretsen@parl.gc.ca, Liberal, Kingston and the Islands, Ontario, 
Gill, Marilène, marilene.gill@parl.gc.ca, Bloc Québécois, Manicouagan, Quebec, 
Gladu, Marilyn, marilyn.gladu@parl.gc.ca, Conservative, Sarnia—Lambton, Ontario, 
Godin, Joël, joel.godin@parl.gc.ca, Conservative, Portneuf—Jacques-Cartier, Quebec, 
Goodridge, Laila, laila.goodridge@parl.gc.ca, Conservative, Fort McMurray—Cold Lake, Alberta, 
Gould, Hon. Karina, karina.gould@parl.gc.ca, Liberal, Burlington, Ontario, 
Gourde, Jacques, jacques.gourde@parl.gc.ca, Conservative, Lévis—Lotbinière, Quebec, 
Gray, Tracy, Tracy.Gray@parl.gc.ca, Conservative, Kelowna—Lake Country, British Columbia, 
Green, Matthew, Matthew.Green@parl.gc.ca, NDP, Hamilton Centre, Ontario, 
Guilbeault, Hon. Steven, Steven.Guilbeault@parl.gc.ca, Liberal, Laurier—Sainte-Marie, Quebec, 
Hajdu, Hon. Patty, patty.hajdu@parl.gc.ca, Liberal, Thunder Bay—Superior North, Ontario, 
Hallan, Jasraj Singh, JasrajSingh.Hallan@parl.gc.ca, Conservative, Calgary Forest Lawn, Alberta, 
Hanley, Brendan, brendan.hanley@parl.gc.ca, Liberal, Yukon, Yukon, 
Hardie, Ken, ken.hardie@parl.gc.ca, Liberal, Fleetwood—Port Kells, British Columbia, 
Hepfner, Lisa, lisa.hepfner@parl.gc.ca, Liberal, Hamilton Mountain, Ontario, 
Hoback, Randy, randy.hoback@parl.gc.ca, Conservative, Prince Albert, Saskatchewan, 
Holland, Hon. Mark, mark.holland@parl.gc.ca, Liberal, Ajax, Ontario, 
Housefather, Anthony, anthony.housefather@parl.gc.ca, Liberal, Mount Royal, Quebec, 
Hughes, Carol, carol.hughes@parl.gc.ca, NDP, Algoma—Manitoulin—Kapuskasing, Ontario, 
Hussen, Hon. Ahmed, ahmed.hussen@parl.gc.ca, Liberal, York South—Weston, Ontario, 
Hutchings, Hon. Gudie, gudie.hutchings@parl.gc.ca, Liberal, Long Range Mountains, Newfoundland and Labrador, 
Iacono, Angelo, angelo.iacono@parl.gc.ca, Liberal, Alfred-Pellan, Quebec, 
Idlout, Lori, lori.idlout@parl.gc.ca, NDP, Nunavut, Nunavut, 
Ien, Hon. Marci, marci.ien@parl.gc.ca, Liberal, Toronto Centre, Ontario, 
Jaczek, Hon. Helena, Helena.Jaczek@parl.gc.ca, Liberal, Markham—Stouffville, Ontario, 
Jeneroux, Matt, matt.jeneroux@parl.gc.ca, Conservative, Edmonton Riverbend, Alberta, 
Johns, Gord, gord.johns@parl.gc.ca, NDP, Courtenay—Alberni, British Columbia, 
Joly, Hon. Mélanie, melanie.joly@parl.gc.ca, Liberal, Ahuntsic-Cartierville, Quebec, 
Jones, Yvonne, yvonne.jones@parl.gc.ca, Liberal, Labrador, Newfoundland and Labrador, 
Jowhari, Majid, majid.jowhari@parl.gc.ca, Liberal, Richmond Hill, Ontario, 
Julian, Peter, peter.julian@parl.gc.ca, NDP, New Westminster—Burnaby, British Columbia, 
Kayabaga, Arielle, arielle.kayabaga@parl.gc.ca, Liberal, London West, Ontario, 
Kelloway, Mike, Mike.Kelloway@parl.gc.ca, Liberal, Cape Breton—Canso, Nova Scotia, 
Kelly, Pat, pat.kelly@parl.gc.ca, Conservative, Calgary Rocky Ridge, Alberta, 
Khalid, Iqra, iqra.khalid@parl.gc.ca, Liberal, Mississauga—Erin Mills, Ontario, 
Khera, Hon. Kamal, kamal.khera@parl.gc.ca, Liberal, Brampton West, Ontario, 
Kitchen, Robert, robert.kitchen@parl.gc.ca, Conservative, Souris—Moose Mountain, Saskatchewan, 
Kmiec, Tom, tom.kmiec@parl.gc.ca, Conservative, Calgary Shepard, Alberta, 
Koutrakis, Annie, Annie.Koutrakis@parl.gc.ca, Liberal, Vimy, Quebec, 
Kram, Michael, Michael.Kram@parl.gc.ca, Conservative, Regina—Wascana, Saskatchewan, 
Kramp-Neuman, Shelby, shelby.kramp-neuman@parl.gc.ca, Conservative, Hastings—Lennox and Addington, Ontario, 
Kurek, Damien C., Damien.Kurek@parl.gc.ca, Conservative, Battle River—Crowfoot, Alberta, 
Kusie, Stephanie, stephanie.kusie@parl.gc.ca, Conservative, Calgary Midnapore, Alberta, 
Kusmierczyk, Irek, Irek.Kusmierczyk@parl.gc.ca, Liberal, Windsor—Tecumseh, Ontario, 
Kwan, Jenny, jenny.kwan@parl.gc.ca, NDP, Vancouver East, British Columbia, 
Lake, Hon. Mike, mike.lake@parl.gc.ca, Conservative, Edmonton—Wetaskiwin, Alberta, 
Lalonde, Marie-France, Marie-France.Lalonde@parl.gc.ca, Liberal, Orléans, Ontario, 
Lambropoulos, Emmanuella, emmanuella.lambropoulos@parl.gc.ca, Liberal, Saint-Laurent, Quebec, 
Lametti, Hon. David, david.lametti@parl.gc.ca, Liberal, LaSalle—Émard—Verdun, Quebec, 
Lamoureux, Kevin, kevin.lamoureux@parl.gc.ca, Liberal, Winnipeg North, Manitoba, 
Lantsman, Melissa, melissa.lantsman@parl.gc.ca, Conservative, Thornhill, Ontario, 
Lapointe, Viviane, viviane.lapointe@parl.gc.ca, Liberal, Sudbury, Ontario, 
Larouche, Andréanne, Andreanne.Larouche@parl.gc.ca, Bloc Québécois, Shefford, Quebec, 
Lattanzio, Patricia, Patricia.Lattanzio@parl.gc.ca, Liberal, Saint-Léonard—Saint-Michel, Quebec, 
Lauzon, Stéphane, stephane.lauzon@parl.gc.ca, Liberal, Argenteuil—La Petite-Nation, Quebec, 
Lawrence, Philip, Philip.Lawrence@parl.gc.ca, Conservative, Northumberland—Peterborough South, Ontario, 
LeBlanc, Hon. Dominic, dominic.leblanc@parl.gc.ca, Liberal, Beauséjour, New Brunswick, 
Lebouthillier, Hon. Diane, diane.lebouthillier@parl.gc.ca, Liberal, Gaspésie—Les Îles-de-la-Madeleine, Quebec, 
Lehoux, Richard, Richard.Lehoux@parl.gc.ca, Conservative, Beauce, Quebec, 
Lemire, Sébastien, Sebastien.Lemire@parl.gc.ca, Bloc Québécois, Abitibi—Témiscamingue, Quebec, 
Lewis, Chris, Chris.Lewis@parl.gc.ca, Conservative, Essex, Ontario, 
Lewis, Leslyn, leslyn.lewis@parl.gc.ca, Conservative, Haldimand—Norfolk, Ontario, 
Liepert, Ron, ron.liepert@parl.gc.ca, Conservative, Calgary Signal Hill, Alberta, 
Lightbound, Joël, joel.lightbound@parl.gc.ca, Liberal, Louis-Hébert, Quebec, 
Lloyd, Dane, Dane.Lloyd@parl.gc.ca, Conservative, Sturgeon River—Parkland, Alberta, 
Lobb, Ben, ben.lobb@parl.gc.ca, Conservative, Huron—Bruce, Ontario, 
Long, Wayne, wayne.long@parl.gc.ca, Liberal, Saint John—Rothesay, New Brunswick, 
Longfield, Lloyd, lloyd.longfield@parl.gc.ca, Liberal, Guelph, Ontario, 
Louis, Tim, Tim.Louis@parl.gc.ca, Liberal, Kitchener—Conestoga, Ontario, 
MacAulay, Hon. Lawrence, lawrence.macaulay@parl.gc.ca, Liberal, Cardigan, Prince Edward Island, 
MacDonald, Heath, heath.macdonald@parl.gc.ca, Liberal, Malpeque, Prince Edward Island, 
MacGregor, Alistair, alistair.macgregor@parl.gc.ca, NDP, Cowichan—Malahat—Langford, British Columbia, 
MacKenzie, Dave, dave.mackenzie@parl.gc.ca, Conservative, Oxford, Ontario, 
MacKinnon, Hon. Steven, Steven.MacKinnon@parl.gc.ca, Liberal, Gatineau, Quebec, 
Maguire, Larry, larry.maguire@parl.gc.ca, Conservative, Brandon—Souris, Manitoba, 
Maloney, James, james.maloney@parl.gc.ca, Liberal, Etobicoke—Lakeshore, Ontario, 
Martel, Richard, Richard.Martel@parl.gc.ca, Conservative, Chicoutimi—Le Fjord, Quebec, 
Martinez Ferrada, Soraya, Soraya.MartinezFerrada@parl.gc.ca, Liberal, Hochelaga, Quebec, 
Masse, Brian, brian.masse@parl.gc.ca, NDP, Windsor West, Ontario, 
Mathyssen, Lindsay, Lindsay.Mathyssen@parl.gc.ca, NDP, London—Fanshawe, Ontario, 
May, Bryan, bryan.may@parl.gc.ca, Liberal, Cambridge, Ontario, 
May, Elizabeth, elizabeth.may@parl.gc.ca, Green Party, Saanich—Gulf Islands, British Columbia, 
Mazier, Dan, Dan.Mazier@parl.gc.ca, Conservative, Dauphin—Swan River—Neepawa, Manitoba, 
McCauley, Kelly, kelly.mccauley@parl.gc.ca, Conservative, Edmonton West, Alberta, 
McDonald, Ken, ken.mcdonald@parl.gc.ca, Liberal, Avalon, Newfoundland and Labrador, 
McGuinty, Hon. David J., david.mcguinty@parl.gc.ca, Liberal, Ottawa South, Ontario, 
McKay, Hon. John, john.mckay@parl.gc.ca, Liberal, Scarborough—Guildwood, Ontario, 
McKinnon, Ron, ron.mckinnon@parl.gc.ca, Liberal, Coquitlam—Port Coquitlam, British Columbia, 
McLean, Greg, greg.mclean@parl.gc.ca, Conservative, Calgary Centre, Alberta, 
McLeod, Michael V., michael.mcleod@parl.gc.ca, Liberal, Northwest Territories, Northwest Territories, 
McPherson, Heather, Heather.McPherson@parl.gc.ca, NDP, Edmonton Strathcona, Alberta, 
Melillo, Eric, Eric.Melillo@parl.gc.ca, Conservative, Kenora, Ontario, 
Mendès, Alexandra, alexandra.mendes@parl.gc.ca, Liberal, Brossard—Saint-Lambert, Quebec, 
Mendicino, Hon. Marco, marco.mendicino@parl.gc.ca, Liberal, Eglinton—Lawrence, Ontario, 
Miao, Wilson, wilson.miao@parl.gc.ca, Liberal, Richmond Centre, British Columbia, 
Michaud, Kristina, Kristina.Michaud@parl.gc.ca, Bloc Québécois, Avignon—La Mitis—Matane—Matapédia, Quebec, 
Miller, Hon. Marc, Marc.Miller@parl.gc.ca, Liberal, Ville-Marie—Le Sud-Ouest—Île-des-Soeurs, Quebec, 
Moore, Hon. Rob, Rob.Moore@parl.gc.ca, Conservative, Fundy Royal, New Brunswick, 
Morantz, Marty, Marty.Morantz@parl.gc.ca, Conservative, Charleswood—St. James—Assiniboia—Headingley, Manitoba, 
Morrice, Mike, mike.morrice@parl.gc.ca, Green Party, Kitchener Centre, Ontario, 
Morrison, Rob, Rob.Morrison@parl.gc.ca, Conservative, Kootenay—Columbia, British Columbia, 
Morrissey, Robert J., robert.morrissey@parl.gc.ca, Liberal, Egmont, Prince Edward Island, 
Motz, Glen, glen.motz@parl.gc.ca, Conservative, Medicine Hat—Cardston—Warner, Alberta, 
Murray, Hon. Joyce, joyce.murray@parl.gc.ca, Liberal, Vancouver Quadra, British Columbia, 
Muys, Dan, dan.muys@parl.gc.ca, Conservative, Flamborough—Glanbrook, Ontario, 
Naqvi, Yasir, yasir.naqvi@parl.gc.ca, Liberal, Ottawa Centre, Ontario, 
Nater, John, john.nater@parl.gc.ca, Conservative, Perth—Wellington, Ontario, 
Ng, Hon. Mary, mary.ng@parl.gc.ca, Liberal, Markham—Thornhill, Ontario, 
Noormohamed, Taleeb, taleeb.noormohamed@parl.gc.ca, Liberal, Vancouver Granville, British Columbia, 
Normandin, Christine, Christine.Normandin@parl.gc.ca, Bloc Québécois, Saint-Jean, Quebec, 
O'Connell, Jennifer, jennifer.oconnell@parl.gc.ca, Liberal, Pickering—Uxbridge, Ontario, 
Oliphant, Hon. Robert, rob.oliphant@parl.gc.ca, Liberal, Don Valley West, Ontario, 
O'Regan, Hon. Seamus, seamus.oregan@parl.gc.ca, Liberal, St. John's South—Mount Pearl, Newfoundland and Labrador, 
O'Toole, Hon. Erin, erin.otoole@parl.gc.ca, Conservative, Durham, Ontario, 
Patzer, Jeremy, Jeremy.Patzer@parl.gc.ca, Conservative, Cypress Hills—Grasslands, Saskatchewan, 
Paul-Hus, Pierre, Pierre.Paul-Hus@parl.gc.ca, Conservative, Charlesbourg—Haute-Saint-Charles, Quebec, 
Pauzé, Monique, monique.pauze@parl.gc.ca, Bloc Québécois, Repentigny, Quebec, 
Perkins, Rick, rick.perkins@parl.gc.ca, Conservative, South Shore—St. Margarets, Nova Scotia, 
Perron, Yves, Yves.Perron@parl.gc.ca, Bloc Québécois, Berthier—Maskinongé, Quebec, 
Petitpas Taylor, Hon. Ginette, ginette.petitpastaylor@parl.gc.ca, Liberal, Moncton—Riverview—Dieppe, New Brunswick, 
Plamondon, Louis, louis.plamondon@parl.gc.ca, Bloc Québécois, Bécancour—Nicolet—Saurel, Quebec, 
Poilievre, Hon. Pierre, pierre.poilievre@parl.gc.ca, Conservative, Carleton, Ontario, 
Powlowski, Marcus, Marcus.Powlowski@parl.gc.ca, Liberal, Thunder Bay—Rainy River, Ontario, 
Qualtrough, Hon. Carla, carla.qualtrough@parl.gc.ca, Liberal, Delta, British Columbia, 
Rayes, Alain, alain.rayes@parl.gc.ca, Independent, Richmond—Arthabaska, Quebec, 
Redekopp, Brad, Brad.Redekopp@parl.gc.ca, Conservative, Saskatoon West, Saskatchewan, 
Reid, Scott, scott.reid@parl.gc.ca, Conservative, Lanark—Frontenac—Kingston, Ontario, 
Rempel Garner, Hon. Michelle, michelle.rempel@parl.gc.ca, Conservative, Calgary Nose Hill, Alberta, 
Richards, Blake, blake.richards@parl.gc.ca, Conservative, Banff—Airdrie, Alberta, 
Roberts, Anna, anna.roberts@parl.gc.ca, Conservative, King—Vaughan, Ontario, 
Robillard, Yves, Yves.Robillard@parl.gc.ca, Liberal, Marc-Aurèle-Fortin, Quebec, 
Rodriguez, Hon. Pablo, pablo.rodriguez@parl.gc.ca, Liberal, Honoré-Mercier, Quebec, 
Rogers, Churence, Churence.Rogers@parl.gc.ca, Liberal, Bonavista—Burin—Trinity, Newfoundland and Labrador, 
Romanado, Sherry, sherry.romanado@parl.gc.ca, Liberal, Longueuil—Charles-LeMoyne, Quebec, 
Rood, Lianne, Lianne.Rood@parl.gc.ca, Conservative, Lambton—Kent—Middlesex, Ontario, 
Rota, Hon. Anthony, anthony.rota@parl.gc.ca, Liberal, Nipissing—Timiskaming, Ontario, 
Ruff, Alex, Alex.Ruff@parl.gc.ca, Conservative, Bruce—Grey—Owen Sound, Ontario, 
Sahota, Ruby, ruby.sahota@parl.gc.ca, Liberal, Brampton North, Ontario, 
Sajjan, Hon. Harjit S., harjit.sajjan@parl.gc.ca, Liberal, Vancouver South, British Columbia, 
Saks, Ya'ara, yaara.saks@parl.gc.ca, Liberal, York Centre, Ontario, 
Samson, Darrell, darrell.samson@parl.gc.ca, Liberal, Sackville—Preston—Chezzetcook, Nova Scotia, 
Sarai, Randeep, randeep.sarai@parl.gc.ca, Liberal, Surrey Centre, British Columbia, 
Savard-Tremblay, Simon-Pierre, Simon-Pierre.Savard-Tremblay@parl.gc.ca, Bloc Québécois, Saint-Hyacinthe—Bagot, Quebec, 
Scarpaleggia, Francis, francis.scarpaleggia@parl.gc.ca, Liberal, Lac-Saint-Louis, Quebec, 
Scheer, Hon. Andrew, Conservative, Regina—Qu'Appelle, Saskatchewan, 
Schiefke, Peter, peter.schiefke@parl.gc.ca, Liberal, Vaudreuil—Soulanges, Quebec, 
Schmale, Jamie, jamie.schmale@parl.gc.ca, Conservative, Haliburton—Kawartha Lakes—Brock, Ontario, 
Seeback, Kyle, Kyle.Seeback@parl.gc.ca, Conservative, Dufferin—Caledon, Ontario, 
Serré, Marc G., marc.serre@parl.gc.ca, Liberal, Nickel Belt, Ontario, 
Sgro, Hon. Judy A., judy.sgro@parl.gc.ca, Liberal, Humber River—Black Creek, Ontario, 
Shanahan, Brenda, brenda.shanahan@parl.gc.ca, Liberal, Châteauguay—Lacolle, Quebec, 
Sheehan, Terry, terry.sheehan@parl.gc.ca, Liberal, Sault Ste. Marie, Ontario, 
Shields, Martin, martin.shields@parl.gc.ca, Conservative, Bow River, Alberta, 
Shipley, Doug, Doug.Shipley@parl.gc.ca, Conservative, Barrie—Springwater—Oro-Medonte, Ontario, 
Sidhu, Maninder, Maninder.Sidhu@parl.gc.ca, Liberal, Brampton East, Ontario, 
Sidhu, Sonia, sonia.sidhu@parl.gc.ca, Liberal, Brampton South, Ontario, 
Simard, Mario, Mario.Simard@parl.gc.ca, Bloc Québécois, Jonquière, Quebec, 
Sinclair-Desgagné, Nathalie, nathalie.sinclair-desgagne@parl.gc.ca, Bloc Québécois, Terrebonne, Quebec, 
Singh, Jagmeet, Jagmeet.Singh@parl.gc.ca, NDP, Burnaby South, British Columbia, 
Small, Clifford, clifford.small@parl.gc.ca, Conservative, Coast of Bays—Central—Notre Dame, Newfoundland and Labrador, 
Sorbara, Francesco, francesco.sorbara@parl.gc.ca, Liberal, Vaughan—Woodbridge, Ontario, 
Soroka, Gerald, Gerald.Soroka@parl.gc.ca, Conservative, Yellowhead, Alberta, 
Steinley, Warren, Warren.Steinley@parl.gc.ca, Conservative, Regina—Lewvan, Saskatchewan, 
Ste-Marie, Gabriel, gabriel.ste-marie@parl.gc.ca, Bloc Québécois, Joliette, Quebec, 
Stewart, Jake, jake.stewart@parl.gc.ca, Conservative, Miramichi—Grand Lake, New Brunswick, 
St-Onge, Hon. Pascale, pascale.st-onge@parl.gc.ca, Liberal, Brome—Missisquoi, Quebec, 
Strahl, Mark, Mark.Strahl@parl.gc.ca, Conservative, Chilliwack—Hope, British Columbia, 
Stubbs, Shannon, shannon.stubbs@parl.gc.ca, Conservative, Lakeland, Alberta, 
Sudds, Jenna, jenna.sudds@parl.gc.ca, Liberal, Kanata—Carleton, Ontario, 
Tassi, Hon. Filomena, filomena.tassi@parl.gc.ca, Liberal, Hamilton West—Ancaster—Dundas, Ontario, 
Taylor Roy, Leah, leah.taylorroy@parl.gc.ca, Liberal, Aurora—Oak Ridges—Richmond Hill, Ontario, 
Thériault, Luc, luc.theriault@parl.gc.ca, Bloc Québécois, Montcalm, Quebec, 
Therrien, Alain, Alain.Therrien@parl.gc.ca, Bloc Québécois, La Prairie, Quebec, 
Thomas, Rachael, rachael.thomas@parl.gc.ca, Conservative, Lethbridge, Alberta, 
Thompson, Joanne, joanne.thompson@parl.gc.ca, Liberal, St. John's East, Newfoundland and Labrador, 
Tochor, Corey, Corey.Tochor@parl.gc.ca, Conservative, Saskatoon—University, Saskatchewan, 
Tolmie, Fraser, fraser.tolmie@parl.gc.ca, Conservative, Moose Jaw—Lake Centre—Lanigan, Saskatchewan, 
Trudeau, Right Hon. Justin, justin.trudeau@parl.gc.ca, Liberal, Papineau, Quebec, 
Trudel, Denis, Denis.Trudel@parl.gc.ca, Bloc Québécois, Longueuil—Saint-Hubert, Quebec, 
Turnbull, Ryan, Ryan.Turnbull@parl.gc.ca, Liberal, Whitby, Ontario, 
Uppal, Hon. Tim, Tim.Uppal@parl.gc.ca, Conservative, Edmonton Mill Woods, Alberta, 
Valdez, Rechie, rechie.valdez@parl.gc.ca, Liberal, Mississauga—Streetsville, Ontario, 
Van Bynen, Tony, Tony.VanBynen@parl.gc.ca, Liberal, Newmarket—Aurora, Ontario, 
van Koeverden, Adam, Adam.vanKoeverden@parl.gc.ca, Liberal, Milton, Ontario, 
Van Popta, Tako, Tako.VanPopta@parl.gc.ca, Conservative, Langley—Aldergrove, British Columbia, 
Vandal, Hon. Dan, dan.vandal@parl.gc.ca, Liberal, Saint Boniface—Saint Vital, Manitoba, 
Vandenbeld, Anita, anita.vandenbeld@parl.gc.ca, Liberal, Ottawa West—Nepean, Ontario, 
Vecchio, Karen, Karen.Vecchio@parl.gc.ca, Conservative, Elgin—Middlesex—London, Ontario, 
Vidal, Gary, Gary.Vidal@parl.gc.ca, Conservative, Desnethé—Missinippi—Churchill River, Saskatchewan, 
Vien, Dominique, dominique.vien@parl.gc.ca, Conservative, Bellechasse—Les Etchemins—Lévis, Quebec, 
Viersen, Arnold, arnold.viersen@parl.gc.ca, Conservative, Peace River—Westlock, Alberta, 
Vignola, Julie, Julie.Vignola@parl.gc.ca, Bloc Québécois, Beauport—Limoilou, Quebec, 
Villemure, René, rene.villemure@parl.gc.ca, Bloc Québécois, Trois-Rivières, Quebec, 
Virani, Arif, arif.virani@parl.gc.ca, Liberal, Parkdale—High Park, Ontario, 
Vis, Brad, Brad.Vis@parl.gc.ca, Conservative, Mission—Matsqui—Fraser Canyon, British Columbia, 
Vuong, Kevin, kevin.vuong@parl.gc.ca, Independent, Spadina—Fort York, Ontario, 
Wagantall, Cathay, cathay.wagantall@parl.gc.ca, Conservative, Yorkton—Melville, Saskatchewan, 
Warkentin, Chris, chris.warkentin@parl.gc.ca, Conservative, Grande Prairie—Mackenzie, Alberta, 
Waugh, Kevin, kevin.waugh@parl.gc.ca, Conservative, Saskatoon—Grasswood, Saskatchewan, 
Webber, Len, len.webber@parl.gc.ca, Conservative, Calgary Confederation, Alberta, 
Weiler, Patrick, Patrick.Weiler@parl.gc.ca, Liberal, West Vancouver—Sunshine Coast—Sea to Sky Country, British Columbia, 
Wilkinson, Hon. Jonathan, jonathan.wilkinson@parl.gc.ca, Liberal, North Vancouver, British Columbia, 
Williams, Ryan, ryan.williams@parl.gc.ca, Conservative, Bay of Quinte, Ontario, 
Williamson, John, John.Williamson@parl.gc.ca, Conservative, New Brunswick Southwest, New Brunswick, 
Yip, Jean, Jean.Yip@parl.gc.ca, Liberal, Scarborough—Agincourt, Ontario, 
Zahid, Salma, salma.zahid@parl.gc.ca, Liberal, Scarborough Centre, Ontario, 
Zarrillo, Bonita, bonita.zarrillo@parl.gc.ca, NDP, Port Moody—Coquitlam, British Columbia, 
Zimmer, Bob, bob.zimmer@parl.gc.ca, Conservative, Prince George—Peace River—Northern Rockies, British Columbia, 
Zuberi, Sameer, Sameer.Zuberi@parl.gc.ca, Liberal, Pierrefonds—Dollard, Quebec, 
